,price,bedrooms,bathrooms,sf,link,year_built,lot_size,view_description,on_waterfront,house_style,new_construction,garage_spaces
0,"$400,000", 3,5 ba,"2,460 sqft",https://www.zillow.com/homedetails/451-Colson-Rd-Northfield-VT-05663/75469063_zpid/,1994,"879,912 Acres", Mountain(s),{}, Contemporary, No, 0
0,"$896,500", 3,4 ba,{},https://www.zillow.com/homedetails/3286-Lake-Rd-Newport-Center-VT-05857/75449375_zpid/,1982,"276,170 Acres", Mountain(s), Yes," Contemporary,Modern Architecture,Multi Level", No, 2
0,"$179,000", 3,2 ba,"2,500 sqft",https://www.zillow.com/homedetails/27-Saint-Catherine-Ct-Wells-VT-05774/2078145720_zpid/,2010,"13,939 Acres", Mountain(s),{}, Ranch, No, 0
0,"$229,900", 3,2 ba,"1,953 sqft",https://www.zillow.com/homedetails/332-River-Rd-Newfane-VT-05345/2126908888_zpid/,1900,"78,408 Acres",{},{}, Farmhouse, No, 1
0,"$387,000", 4,2 ba,"1,760 sqft",https://www.zillow.com/homedetails/10-Country-Club-Dr-S-Burlington-VT-05403/49678223_zpid/,1969,"19,602 Acres",{},{}, Colonial, No, 2
0,"$425,000", 4,2 ba,"1,500 sqft",https://www.zillow.com/homedetails/8-Starr-Farm-Bch-Burlington-VT-05408/250910888_zpid/,1910,No Data,{}, Yes, Cottage/Camp, No, 3
0,"$165,000", 3,2 ba,"2,170 sqft",https://www.zillow.com/homedetails/47-Roberts-Ave-Rutland-VT-05701/92023417_zpid/,1900,"10,890 Acres",{},{}, New Englander, No, 2
0,"$449,900", 4,2 ba,"3,396 sqft",https://www.zillow.com/homedetails/98-Hyde-Rd-Grand-Isle-VT-05458/75438728_zpid/,1850,"152,460 Acres",{},{}, Farmhouse, No, 0
0,"$470,000", 4,4 ba,"3,252 sqft",https://www.zillow.com/homedetails/9-Judson-Dr-Montpelier-VT-05602/75466694_zpid/,1989,"53,579 Acres",{},{}, Colonial, No, 3
0,"$575,000", 3,2 ba,"1,902 sqft",https://www.zillow.com/homedetails/32-N-Randolph-Rd-Greensboro-VT-05841/2083841326_zpid/,1994,"9,148 Acres",{}, Yes, Cape, No, 1
0,"$444,000", 5,4 ba,"3,758 sqft",https://www.zillow.com/homedetails/15-Orchard-St-Springfield-VT-05156/75484703_zpid/,1900,"43,560 Acres",{},{}, Colonial, No, 2
0,"$239,000", 3,2 ba,"1,144 sqft",https://www.zillow.com/homedetails/4-White-Birch-Dr-Springfield-VT-05156/75485651_zpid/,1972,"17,424 Acres",{},{}, Ranch, No, 2
0,"$399,000", 3,2 ba,"2,500 sqft",https://www.zillow.com/homedetails/305-Mount-Vernon-St-Newport-VT-05855/75448490_zpid/,1996,"108,900 Acres",{},{}, Contemporary, No, 2
0,"$649,900", 4,4 ba,"4,488 sqft",https://www.zillow.com/homedetails/678-Stonehouse-Rd-Whitingham-VT-05342/92039225_zpid/,1992,"1,089,000 Acres",{},{}, Colonial, No, 2
0,"$1,495,000", 4,4 ba,"4,672 sqft",https://www.zillow.com/homedetails/414-416-Dorset-Hollow-Rd-Dorset-VT-05251/2099454944_zpid/,1820,"831,996 Acres", Mountain(s),{}," Antique,Colonial,Farmhouse,Historic Vintage,New Englander", No, 2
0,"$275,000", 2,2 ba,"1,170 sqft",https://www.zillow.com/homedetails/49-Stearns-Ave-Wilmington-VT-05363/128911439_zpid/,1951,"8,712 Acres", Mountain(s),{}, Cape, No, 1
0,"$139,000", 3,2 ba,"1,640 sqft",https://www.zillow.com/homedetails/1139-Parker-Rd-Danville-VT-05828/75428352_zpid/,1880,"209,088 Acres",{},{}, Cape, No, 0
0,"$109,000", 3,1 ba,"1,092 sqft",https://www.zillow.com/homedetails/1714-Route-7-S-Bennington-VT-05201/2079664469_zpid/,1934,"44,867 Acres", Mountain(s),{}, Ranch, No, 1
0,"$149,900", 4,2 ba,"1,315 sqft",https://www.zillow.com/homedetails/196-S-Main-St-Barre-VT-05641/75462386_zpid/,1897,"10,890 Acres",{},{}, New Englander, No, 0
0,"$435,695", 3,3 ba,"1,680 sqft",https://www.zillow.com/homedetails/LOT-3-Lakeview-Dr-Monkton-VT-05469/2077151434_zpid/,No Data,"52,708 Acres",{},{}, Colonial, Yes, 2
0,"$470,000", 4,3 ba,"2,572 sqft",https://www.zillow.com/homedetails/1093-Chapman-Rd-Plymouth-VT-05149/217743457_zpid/,1982,"382,021 Acres",{},{}, Ranch, No, 10
0,"$699,000", 4,3 ba,"3,592 sqft",https://www.zillow.com/homedetails/4863-Case-St-Middlebury-VT-05753/75411729_zpid/,1840,"4,756,752 Acres", Mountain(s),{}, Farmhouse, No, 2
0,"$350,000", 3,3 ba,-- sqft,https://www.zillow.com/homedetails/1140-North-St-Wells-VT-05774/248674107_zpid/,2013,"8,712 Acres"," Mountain(s), Water", Yes, Contemporary, No, 2
0,"$519,000", 3,3 ba,"2,847 sqft",https://www.zillow.com/homedetails/337-Dallinger-Rd-New-Haven-VT-05472/81622853_zpid/,1978,"1,036,728 Acres",{},{}, Post and Beam, No, 0
0,"$110,000", 4,1 ba,"1,020 sqft",https://www.zillow.com/homedetails/74-Balsam-Dr-Leicester-VT-05733/299442314_zpid/,1925,"10,890 Acres",{},{}, Cottage/Camp, No, 0
0,"$395,000", 3,3 ba,"3,528 sqft",https://www.zillow.com/homedetails/114-Victoria-Dr-Rutland-VT-05701/75456766_zpid/,1971,"39,640 Acres", Mountain(s),{}, Ranch, No, 1
0,"$171,500", 2,1 ba,792 sqft,https://www.zillow.com/homedetails/1288-Brookman-Rd-Pownal-VT-05261/299464023_zpid/,1969,"108,900 Acres",{},{}, Chalet, No, 0
0,"$625,000", 3,3 ba,"2,606 sqft",https://www.zillow.com/homedetails/828-Wheelock-Rd-Hartford-VT-05001/303987926_zpid/,1974,"55,757 Acres",{},{}, Split Level, No, 2
0,"$299,000", 3,2 ba,"4,303 sqft",https://www.zillow.com/homedetails/2312-Scott-Hwy-Groton-VT-05046/2113965236_zpid/,1972,"522,720 Acres",{},{}," Cape,Log Cabin", No, 0
0,"$2,500,000", 4,3 ba,"4,506 sqft",https://www.zillow.com/homedetails/5392-Mountain-Rd-Stowe-VT-05672/92005853_zpid/,2004,"138,521 Acres", Mountain(s),{}, Farmhouse, No, 2
0,"$198,000", 5,3 ba,"3,504 sqft",https://www.zillow.com/homedetails/223-Main-St-Lyndonville-VT-05851/2083296490_zpid/,1860,"11,326 Acres",{},{}, Victorian, No, 2
0,"$188,000", 3,2 ba,"1,936 sqft",https://www.zillow.com/homedetails/16-Lake-St-Alburgh-VT-05440/2081584784_zpid/,1989,0.96 Acres,{},{},{}, No, 2
0,"$135,000", 2,1 ba,866 sqft,https://www.zillow.com/homedetails/370-Business-Rte-4-Rutland-VT-05701/2079214285_zpid/,1923,"12,197 Acres",{},{}," Bungalow,Cape", No, 2
0,"$199,900", 3,3 ba,"2,903 sqft",https://www.zillow.com/homedetails/12-Crescent-St-Rutland-VT-05701/92022477_zpid/,1913,"14,375 Acres",{},{}, New Englander, No, 3
0,"$280,000", 3,1 ba,"1,464 sqft",https://www.zillow.com/homedetails/50-Sugarbush-Hill-Dr-Cambridge-VT-05444/75441721_zpid/,1980,"67,518 Acres", Mountain(s),{}, Ranch, No, 2
0,"$129,000", 2,1 ba,"1,040 sqft",https://www.zillow.com/homedetails/584-Holland-Rd-Derby-Line-VT-05830/2077280773_zpid/,1978,"217,800 Acres",{},{}, Ranch, No, 2
0,"$347,000", 4,4 ba,"3,660 sqft",https://www.zillow.com/homedetails/4079-State-Route-16-East-Hardwick-VT-05836/91998604_zpid/,2005,"186,001 Acres",{},{}, Raised Ranch, No, 0
0,"$200,000", 3,1 ba,960 sqft,https://www.zillow.com/homedetails/706-Route-7-S-Middlebury-VT-05753/75411940_zpid/,1960,"13,068 Acres",{},{}, Ranch, No, 0
0,"$350,000", 3,3 ba,"2,259 sqft",https://www.zillow.com/homedetails/329-Dudley-Rd-Middletown-Springs-VT-05757/2093155952_zpid/,1993,"560,182 Acres",{},{}," Contemporary,Post and Beam", No, 2
0,"$659,000", 4,3 ba,"5,328 sqft",https://www.zillow.com/homedetails/790-Post-Rd-Rutland-VT-05701/250978635_zpid/,1982,"227,383 Acres", Mountain(s),{}, Contemporary, No, 3
0,"$350,000", 3,2 ba,"2,688 sqft",https://www.zillow.com/homedetails/111-Harmony-Ln-Manchester-Center-VT-05255/2076676244_zpid/,1998,"108,029 Acres", Mountain(s), Yes, Cape, No, 1
0,"$550,000", 4,3 ba,"1,920 sqft",https://www.zillow.com/homedetails/1311-W-Lake-Rd-Wells-VT-05774/220903427_zpid/,1930,"74,488 Acres", Mountain(s), Yes, Farmhouse, No, 5
0,"$1,175,000", 7,7 ba,"5,088 sqft",https://www.zillow.com/homedetails/273-W-Shore-Rd-South-Hero-VT-05486/92002575_zpid/,1992,"169,884 Acres",{}, Yes, Colonial, No, 2
0,"$499,000", 10,10 ba,"5,317 sqft",https://www.zillow.com/homedetails/120-State-Route-100-West-Dover-VT-05356/2076567071_zpid/,1885,"10,890 Acres",{},{}, Farmhouse, No, 6
0,"$399,000", 2,2 ba,"1,632 sqft",https://www.zillow.com/homedetails/12-Old-Gould-Farm-Rd-Elmore-VT-05661/227725587_zpid/,1979,"439,956 Acres", Mountain(s),{}, Contemporary, No, 1
0,"$498,000", 3,5 ba,"4,387 sqft",https://www.zillow.com/homedetails/6182-Tyson-Rd-Reading-VT-05153/92047307_zpid/,2004,"219,107 Acres", Mountain(s),{}, Cape, No, 3
0,"$925,000", 3,4 ba,"2,016 sqft",https://www.zillow.com/homedetails/220-Black-Bear-Holw-Waterbury-VT-05676/75471232_zpid/,1998,"1,990,692 Acres", Mountain(s),{}, Colonial, No, 4
0,"$289,000", 5,2 ba,"2,000 sqft",https://www.zillow.com/homedetails/2230-Pepin-Rd-Brownington-VT-05860/75451127_zpid/,2009,"453,024 Acres",{},{}, Colonial, No, 4
0,"$625,000", 3,2 ba,"1,900 sqft",https://www.zillow.com/homedetails/365-Glinnis-Rd-West-Berlin-VT-05663/115807782_zpid/,1890,"8,842,680 Acres",{}, Yes," Cape,Farmhouse", No, 2
0,"$275,000", 4,1 ba,937 sqft,https://www.zillow.com/homedetails/20-Iodine-Springs-St-South-Hero-VT-05486/231167717_zpid/,1969,"113,256 Acres",{},{}, Cabin, No, 0
0,"$499,000", 5,5 ba,"2,085 sqft",https://www.zillow.com/homedetails/150-171-Benson-Rd-Richford-VT-05476/2080350269_zpid/,1992,"6,011,280 Acres",{}, Yes," Farmhouse,Historic Vintage,Log Cabin", No, 5
0,"$225,000", 3,2 ba,"1,600 sqft",https://www.zillow.com/homedetails/26-Lake-St-Alburg-VT-05440/92003381_zpid/,2021,"21,780 Acres",{},{}, Raised Ranch, No, 1
0,"$457,675", 3,2 ba,"1,898 sqft",https://www.zillow.com/homedetails/116-Two-Brothers-Dr-South-Burlington-VT-05403/2077540405_zpid/,No Data,$153/mo,{},{}, Multi Level, Yes, 2
0,"$985,000", 6,8 ba,"6,506 sqft",https://www.zillow.com/homedetails/23-Highland-Rd-Springfield-VT-05156/217746801_zpid/,1811,"190,793 Acres", Mountain(s),{}, Federal, No, 3
0,"$259,900", 4,2 ba,"1,728 sqft",https://www.zillow.com/homedetails/561-Shipyard-Bay-Rd-Highgate-VT-05459/2083974967_zpid/,1920,"20,038 Acres",{}, Yes, Cottage/Camp, No, 2
0,"$209,000", 4,2 ba,"1,532 sqft",https://www.zillow.com/homedetails/101-Chimney-Hill-Rd-Wilmington-VT-05363/235266482_zpid/,1970,"$1,205/yr",{},{}, Chalet, No, 0
0,"$95,000", 2,2 ba,"1,152 sqft",https://www.zillow.com/homedetails/1851-State-Highway-105-Island-Pond-VT-05846/2077138444_zpid/,2009,"47,916 Acres",{},{}, Cottage/Camp, No, 0
0,"$299,000", 4,4 ba,"2,400 sqft",https://www.zillow.com/homedetails/19-Edwards-Village-Loop-West-Dover-VT-05356/235253936_zpid/,1979,"47,480 Acres",{},{}, Colonial, No, 0
0,"$244,900", 4,3 ba,"2,282 sqft",https://www.zillow.com/homedetails/401-Jefferson-Hts-Bennington-VT-05201/75421197_zpid/,1950,"10,890 Acres",{},{}, Cape, No, 1
0,"$555,000", 3,2 ba,"2,956 sqft",https://www.zillow.com/homedetails/190-Red-Maple-Ln-Randolph-Center-VT-05061/2076666378_zpid/,2006,"744,876 Acres",{},{}," Contemporary,Farmhouse,Multi Level,Post and Beam", No, 2
0,"$425,000", 3,2 ba,"2,428 sqft",https://www.zillow.com/homedetails/375-E-Hill-Rd-Eden-VT-05653/2138679366_zpid/,1964,"47,916 Acres"," Mountain(s), Water", Yes, Cape, No, 2
0,"$689,000", 12,5 ba,"7,400 sqft",https://www.zillow.com/homedetails/267-Academy-Rd-Whitingham-VT-05342/92039299_zpid/,2007,"1,454,904 Acres", Mountain(s), Yes," Carriage,Multi Level,New Englander", No, 2
0,"$395,000", 6,4 ba,"3,240 sqft",https://www.zillow.com/homedetails/56-Upper-Highlands-Loop-West-Dover-VT-05356/2077374674_zpid/,1983,"28,314 Acres",{},{}, Chalet, No, 0
0,"$699,500", 3,4 ba,"3,700 sqft",https://www.zillow.com/homedetails/1535-Lime-Kiln-Rd-Charlotte-VT-05445/59817623_zpid/,2001,"808,909 Acres", Mountain(s),{}," Colonial,Contemporary", No, 4
0,"$294,500", 3,3 ba,"2,280 sqft",https://www.zillow.com/homedetails/1121-Burke-Green-Rd-East-Burke-VT-05832/2081190436_zpid/,2002,"449,104 Acres", Mountain(s),{}, Raised Ranch, No, 2
0,"$479,000", 5,4 ba,"5,794 sqft",https://www.zillow.com/homedetails/428-Town-Hill-Rd-Whitingham-VT-05361/235265214_zpid/,1833,"378,972 Acres", Mountain(s), Yes, Colonial, No, 6
0,"$225,000", 3,3 ba,"2,136 sqft",https://www.zillow.com/homedetails/99-Golf-Course-Rd-Richford-VT-05476/81612399_zpid/,2004,"54,014 Acres", Mountain(s),{}, Contemporary, No, 2
0,"$110,000", 5,3 ba,"3,276 sqft",https://www.zillow.com/homedetails/30-River-Rd-Arlington-VT-05250/115794436_zpid/,1811,"65,340 Acres",{},{}, Farmhouse, No, 0
0,"$1,295,000", 3,2 ba,"1,763 sqft",https://www.zillow.com/homedetails/1490-Arnold-Bay-Rd-Panton-VT-05491/303881751_zpid/,1987,"294,030 Acres"," Mountain(s), Water", Yes," Cottage/Camp,Ranch", No, 2
0,"$775,000", 7,4 ba,"4,004 sqft",https://www.zillow.com/homedetails/89-Bonts-Hl-Cavendish-VT-05142/303987511_zpid/,1915,"740,520 Acres",{},{}," Historic Vintage,Craftsman", No, 3
0,"$275,000", 5,3 ba,"2,986 sqft",https://www.zillow.com/homedetails/391-Wood-Ln-Brandon-VT-05733/92018067_zpid/,1960,"283,140 Acres",{},{}," Raised Ranch,Ranch", No, 1
0,"$250,000", 4,2 ba,"1,885 sqft",https://www.zillow.com/homedetails/7-Lockwood-Ave-Springfield-VT-05156/75485653_zpid/,1968,"17,424 Acres",{},{}, Ranch, No, 2
0,"$699,000", 4,3 ba,"2,772 sqft",https://www.zillow.com/homedetails/1299-Windmill-Pt-Alburgh-VT-05440/2085983707_zpid/,2004,"439,956 Acres", Mountain(s), Yes, Chalet, No, 2
0,"$499,500", 3,2 ba,"1,248 sqft",https://www.zillow.com/homedetails/613-Campbell-Rd-Sandgate-VT-05250/2089076856_zpid/,1970,"2,848,824 Acres", Mountain(s),{}, Log Cabin, No, 1
0,"$218,000", 3,1 ba,"1,151 sqft",https://www.zillow.com/homedetails/15-Beech-St-Brattleboro-VT-05301/2078420491_zpid/,1840,"6,534 Acres",{},{}," Cape,New Englander", No, 0
0,"$369,000", 7,9 ba,"4,310 sqft",https://www.zillow.com/homedetails/113-Woodshed-Rd-Jay-VT-05859/2085039406_zpid/,1900,"413,820 Acres", Mountain(s), Yes, Farmhouse, No, 0
0,"$2,750,000", 5,5 ba,"8,216 sqft",https://www.zillow.com/homedetails/30-Batten-Rd-Greensboro-Bend-VT-05842/248464448_zpid/,2015,"12,588,840 Acres", Mountain(s),{}, Adirondack, No, 3
0,"$449,000", 4,2 ba,"1,768 sqft",https://www.zillow.com/homedetails/2815-South-St-Middlebury-VT-05753/2077375453_zpid/,1977,"233,046 Acres", Mountain(s),{}, Farmhouse, No, 4
0,"$549,000", 4,2 ba,"1,658 sqft",https://www.zillow.com/homedetails/555-S-Willard-St-Burlington-VT-05401/12654715_zpid/,1927,"2,614 Acres",{},{}, Colonial, No, 1
0,"$164,900", 4,4 ba,"2,537 sqft",https://www.zillow.com/homedetails/42-Prospect-St-Newport-VT-05855/75448650_zpid/,1880,"7,405 Acres",{},{}, Colonial, No, 0
0,"$299,000", 2,2 ba,"1,536 sqft",https://www.zillow.com/homedetails/133-Cowdrey-Outlook-Bethel-VT-05032/299562194_zpid/,1989,"605,484 Acres", Mountain(s),{}, Gambrel, No, 0
0,"$85,000", 2,1 ba,714 sqft,https://www.zillow.com/homedetails/120-Morgan-St-Bennington-VT-05201/75420171_zpid/,1920,"7,405 Acres"," Mountain(s), Water", Yes, Bungalow, No, 0
0,"$265,800", 3,3 ba,"2,217 sqft",https://www.zillow.com/homedetails/1380-Town-Line-Rd-Craftsbury-Common-VT-05827/2085251000_zpid/,2010,"108,900 Acres",{}, Yes, Cape, No, 0
0,"$1,325,000", 5,5 ba,"9,469 sqft",https://www.zillow.com/homedetails/51-Depot-Rd-Colchester-VT-05446/220847227_zpid/,1810,"104,108 Acres",{},{}," Colonial,Federal,Historic Vintage", No, 4
0,"$695,000", 2,2 ba,"1,092 sqft",https://www.zillow.com/homedetails/102-Northshore-Dr-Ludlow-VT-05149/92046019_zpid/,1957,"33,977 Acres", Water, Yes," Chalet,Multi Level", No, 2
0,"$579,000", 5,4 ba,"3,744 sqft",https://www.zillow.com/homedetails/38-Melrose-Ln-Ludlow-VT-05149/217740623_zpid/,2004,"54,886 Acres",{}, Yes, Cape, No, 2
0,"$440,000", 5,2 ba,"2,300 sqft",https://www.zillow.com/homedetails/76-E-Orange-Rd-West-Topsham-VT-05086/115801350_zpid/,1875,"618,552 Acres",{}, Yes," Farmhouse,Ranch", No, 2
0,"$175,000", 4,2 ba,"2,298 sqft",https://www.zillow.com/homedetails/826-Sunderland-Hill-Rd-East-Arlington-VT-05250/81747058_zpid/,1988,"23,958 Acres", Mountain(s),{}, Cape, No, 0
0,"$414,900", 3,3 ba,"3,406 sqft",https://www.zillow.com/homedetails/13-Country-Club-Est-Swanton-VT-05488/75433741_zpid/,1988,"80,150 Acres",{},{}, Contemporary, No, 1
0,"$174,900", 3,2 ba,"1,608 sqft",https://www.zillow.com/homedetails/6-Parsons-Ave-Saint-Albans-Bay-VT-05478/75432408_zpid/,1910,"91,476 Acres",{},{}, Farmhouse, No, 0
0,"$870,000", 4,3 ba,"2,584 sqft",https://www.zillow.com/homedetails/360-Bentley-Dr-Londonderry-VT-05148/92036055_zpid/,2004,"1,282,842 Acres", Mountain(s),{}, Farmhouse, No, 2
0,"$159,900", 3,1 ba,"1,141 sqft",https://www.zillow.com/homedetails/28-Cold-Spring-Rd-Glover-VT-05839/122763369_zpid/,1950,"4,792 Acres",{},{}, Gambrel, No, 2
0,"$695,000", 4,4 ba,"3,520 sqft",https://www.zillow.com/homedetails/58-Lefevre-Way-Manchester-Center-VT-05255/305048822_zpid/,2005,"108,029 Acres", Mountain(s),{}, Colonial, No, 2
0,"$215,000", 3,1 ba,"1,335 sqft",https://www.zillow.com/homedetails/196-Randall-Dr-Guilford-VT-05301/75480690_zpid/,1973,"148,104 Acres",{},{}, Gambrel, No, 0
0,"$250,000", 3,2 ba,"2,402 sqft",https://www.zillow.com/homedetails/1-Church-St-N-Bennington-VT-05257/91994077_zpid/,1945,"13,504 Acres",{},{}, Cape, No, 2
0,"$49,000", 4,2 ba,"2,304 sqft",https://www.zillow.com/homedetails/35-Mountain-Ave-St-Johnsbury-VT-05819/81600730_zpid/,1920,"7,405 Acres",{},{}, Cape, No, 0
0,"$295,000", 3,2 ba,"2,192 sqft",https://www.zillow.com/homedetails/197-Sargents-Way-Jay-VT-05859/2124875849_zpid/,2001,"169,884 Acres",{},{}, Cape, No, 0
0,"$225,000", 3,2 ba,"1,800 sqft",https://www.zillow.com/homedetails/4413-Route-103-S-Mount-Holly-VT-05758/2077168688_zpid/,1995,"18,295 Acres",{},{}, Contemporary, No, 0
0,"$1,250,000", 4,5 ba,"5,293 sqft",https://www.zillow.com/homedetails/50-Red-Tail-Ln-Dorset-VT-05251/227698157_zpid/,1973,"368,953 Acres", Mountain(s),{}, Contemporary, No, 2
0,"$449,900", 4,4 ba,"1,985 sqft",https://www.zillow.com/homedetails/70-Jed-Shepard-Rd-Fairfax-VT-05454/75437736_zpid/,1917,"1,006,236 Acres", Mountain(s), Yes, Farmhouse, No, 0
0,"$150,000", 5,2 ba,"1,880 sqft",https://www.zillow.com/homedetails/322-Bentley-Ave-Poultney-VT-05764/75454871_zpid/,1890,"10,890 Acres",{},{}, Victorian, No, 2
0,"$770,000", 8,3 ba,"5,760 sqft",https://www.zillow.com/homedetails/7-Belknap-Brook-Rd-Tunbridge-VT-05077/92012347_zpid/,1915,"8,877,528 Acres",{},{}, Farmhouse, No, 2
0,"$49,900", 5,3 ba,"1,945 sqft",https://www.zillow.com/homedetails/17-S-Main-St-Brattleboro-VT-05301/92042398_zpid/,1870,"2,178 Acres",{},{}," A Frame,Multi Level", No, 1
0,"$219,900", 3,1 ba,"1,785 sqft",https://www.zillow.com/homedetails/1786-Kellogg-Rd-Saint-Albans-VT-05478/81612766_zpid/,1860,"58,806 Acres",{},{}, Farmhouse, No, 4
0,"$575,000", 4,4 ba,"2,019 sqft",https://www.zillow.com/homedetails/175-Dunn-Dr-Groton-VT-05046/227752475_zpid/,1879,"5,532,120 Acres", Mountain(s), Yes, Cape, No, 0
0,"$99,000", 2,2 ba,960 sqft,https://www.zillow.com/homedetails/1935-Godfrey-Rd-East-Thetford-VT-05043/75444933_zpid/,1985,"174,676 Acres",{},{},{}, No, 0
0,"$978,000", 5,4 ba,"4,158 sqft",https://www.zillow.com/homedetails/4-Gill-Ter-Ludlow-VT-05149/75480976_zpid/,1903,"27,007 Acres", Mountain(s),{}," Contemporary,Victorian", No, 0
0,"$688,000", 3,3 ba,"2,694 sqft",https://www.zillow.com/homedetails/94-Caspian-Ln-5-Shelburne-VT-05482/2078137218_zpid/,2020,$84/mo, Mountain(s),{}," Contemporary,Farmhouse,Modern Architecture", Yes, 2
0,"$129,000", 3,2 ba,"1,400 sqft",https://www.zillow.com/homedetails/30-Ticehurst-Rd-Brownington-VT-05860/92014746_zpid/,1997,"14,810 Acres",{},{},{}, No, 0
0,"$319,900", 2,2 ba,"1,040 sqft",https://www.zillow.com/homedetails/1938-Godfrey-Rd-East-Thetford-VT-05043/75444934_zpid/,1973,"290,545 Acres",{}, Yes, Ranch, No, 2
0,"$1,095,000", 3,4 ba,"3,041 sqft",https://www.zillow.com/homedetails/187-E-Hill-Rd-Woodbury-VT-05681/2079661861_zpid/,2010,"9,496,080 Acres"," Mountain(s), Water", Yes, Log Cabin, No, 3
0,"$310,000", 3,3 ba,"2,865 sqft",https://www.zillow.com/homedetails/1100-Stowell-Rd-Thetford-Center-VT-05075/92010456_zpid/,2004,"80,150 Acres",{},{}, Contemporary, No, 0
0,"$229,000", 3,2 ba,"1,500 sqft",https://www.zillow.com/homedetails/30-Mowing-Way-Wilmington-VT-05363/75478795_zpid/,1972,$595/yr,{},{}, Cape, No, 0
0,"$3,600,000", 4,5 ba,"6,822 sqft",https://www.zillow.com/homedetails/180-Birch-Hill-Ln-Norwich-VT-05055/115811458_zpid/,1999,"492,228 Acres", Mountain(s),{}, Colonial, No, 2
0,"$399,000", 4,3 ba,"2,872 sqft",https://www.zillow.com/homedetails/326-Susan-Lynn-Ln-West-Wardsboro-VT-05355/248670875_zpid/,1993,$40/mo,{},{}, Contemporary, No, 2
0,"$179,000", 1,1 ba,"1,000 sqft",https://www.zillow.com/homedetails/191-Newton-Rd-Brandon-VT-05733/220883276_zpid/,2015,"108,900 Acres",{}, Yes, Cape, No, 0
0,"$139,000", 1,1 ba,480 sqft,https://www.zillow.com/homedetails/376-White-Rd-Glover-VT-05839/2076499924_zpid/,2014,"605,484 Acres",{},{}, Cape, No, 0
0,"$92,000", 3,1 ba,"1,365 sqft",https://www.zillow.com/homedetails/92-Derby-St-Island-Pond-VT-05846/193816664_zpid/,1920,"21,344 Acres",{},{}, Cape, No, 1
0,"$919,000", 4,4 ba,"3,931 sqft",https://www.zillow.com/homedetails/932-Mcnamara-Rd-Dorset-VT-05251/91996292_zpid/,1988,"235,224 Acres",{},{}, Contemporary, No, 2
0,"$399,000", 4,2 ba,"1,728 sqft",https://www.zillow.com/homedetails/112-Horseshoe-Rd-Waitsfield-VT-05673/220914097_zpid/,1980,$550/yr,{},{},{}, No, 0
0,"$495,000", 3,3 ba,"2,220 sqft",https://www.zillow.com/homedetails/87-Grey-Ledge-Rd-Middlebury-VT-05753/75411525_zpid/,1984,"19,602 Acres",{},{}, Cape, No, 1
0,"$549,000", 3,2 ba,"2,171 sqft",https://www.zillow.com/homedetails/388-Bay-Rd-North-Ferrisburgh-VT-05473/299442213_zpid/,0,$360/yr, Water, Yes, Cape, No, 0
0,"$465,000", 2,3 ba,"1,948 sqft",https://www.zillow.com/homedetails/51-Harris-Pl-Brattleboro-VT-05301/2077445531_zpid/,2012,"3,920 Acres"," Mountain(s), Water", Yes," Contemporary,Modern Architecture,Ranch", No, 2
0,"$115,000", 2,2 ba,"1,552 sqft",https://www.zillow.com/homedetails/8-Lower-Pleasant-Valley-Rd-Cambridge-VT-05444/75441550_zpid/,1890,"19,602 Acres",{},{}, Other, No, 0
0,"$1,325,000", 4,7 ba,"7,458 sqft",https://www.zillow.com/homedetails/97-Churchill-Ln-Stowe-VT-05672/227731520_zpid/,1988,"710,899 Acres", Mountain(s), Yes, Contemporary, No, 2
0,"$129,000", 3,1 ba,"1,431 sqft",https://www.zillow.com/homedetails/341-Dover-Rd-Newfane-VT-05345/2111321445_zpid/,1870,"21,780 Acres", Water, Yes, Cape, No, 0
0,"$449,000", 7,8 ba,"4,154 sqft",https://www.zillow.com/homedetails/258-Fitch-Hill-Rd-Hyde-Park-VT-05655/92007947_zpid/,1797,"148,104 Acres",{},{}, Federal, No, 2
0,"$349,000", 7,3 ba,"3,142 sqft",https://www.zillow.com/homedetails/2543-Shunpike-Rd-Mount-Holly-VT-05758/220890186_zpid/,1972,"121,097 Acres", Mountain(s),{}, Cape, No, 0
0,"$139,000", 3,2 ba,"1,288 sqft",https://www.zillow.com/homedetails/112-Hog-Island-Rd-Swanton-VT-05488/250822827_zpid/,1967,"56,628 Acres",{}, Yes, Chalet, No, 1
0,"$2,125,000", 4,2 ba,"2,490 sqft",https://www.zillow.com/homedetails/297-Bedell-Brook-Rd-Elmore-VT-05661/75442665_zpid/,1971,"879,912 Acres",{},{}, Contemporary, No, 3
0,"$95,000", 2,1 ba,576 sqft,https://www.zillow.com/homedetails/139-Jim-Town-Rd-Danby-VT-05739/2119264777_zpid/,1995,"30,056 Acres", Mountain(s),{}," Cabin,Cottage/Camp", No, 0
0,"$1,499,000", 9,5 ba,"4,326 sqft",https://www.zillow.com/homedetails/339-Richardson-Rd-Chester-VT-05143/217735849_zpid/,2005,"9,016,920 Acres", Mountain(s), Yes," Farmhouse,Craftsman", No, 3
0,"$489,000", 3,4 ba,"4,488 sqft",https://www.zillow.com/homedetails/39-Lookout-Rd-Pittsfield-VT-05762/220891494_zpid/,2005,"56,628 Acres", Mountain(s),{}, Contemporary, No, 2
0,"$725,000", 4,4 ba,"3,400 sqft",https://www.zillow.com/homedetails/31-Sugarbush-Dr-LOT-F-Bondville-VT-05340/2076567163_zpid/,1988,"91,476 Acres", Mountain(s),{}, Multi Level, No, 5
0,"$750,000", 5,4 ba,"2,800 sqft",https://www.zillow.com/homedetails/1291-State-Route-100-Rd-Lowell-VT-05847/2077256272_zpid/,1981,"6,359,760 Acres", Mountain(s), Yes, Log Cabin, No, 1
0,"$700,000", 4,5 ba,"3,636 sqft",https://www.zillow.com/homedetails/1232-Vance-Hill-Rd-Newport-Ctr-VT-05857/122763578_zpid/,2001,"2,217,640 Acres"," Mountain(s), Water", Yes," Contemporary,Farmhouse,New Englander", No, 2
0,"$140,000", 3,3 ba,"1,712 sqft",https://www.zillow.com/homedetails/24-Lakeview-Ter-Saint-Albans-VT-05478/75430480_zpid/,1950,"10,890 Acres",{},{}, Cape, No, 1
0,"$272,000", 3,3 ba,"2,362 sqft",https://www.zillow.com/homedetails/180-David-Rd-Rutland-VT-05701/75456862_zpid/,1973,"25,265 Acres",{},{}, Raised Ranch, No, 1
0,"$725,000", 4,2 ba,"2,984 sqft",https://www.zillow.com/homedetails/237-Kinni-Kinnic-Ln-Poultney-VT-05764/115804264_zpid/,1942,"45,302 Acres",{}, Yes, Contemporary, No, 2
0,"$389,000", 3,2 ba,"1,344 sqft",https://www.zillow.com/homedetails/1358-Blockhouse-Point-Rd-North-Hero-VT-05474/2077062886_zpid/,1974,"27,878 Acres",{}, Yes, Ranch, No, 1
0,"$284,000", 3,2 ba,"2,200 sqft",https://www.zillow.com/homedetails/358-Eastern-Ave-East-Hardwick-VT-05836/227755755_zpid/,1985,"542,758 Acres"," Mountain(s), Water", Yes, Ranch, No, 3
0,"$944,000", 4,4 ba,"4,584 sqft",https://www.zillow.com/homedetails/9295-Pomfret-Rd-West-Hartford-VT-05084/303990504_zpid/,1809,"466,092 Acres",{}, Yes, New Englander, No, 2
0,"$80,000", 0,-- ba,207 sqft,https://www.zillow.com/homedetails/1721-Latham-Rd-East-Thetford-VT-05043/2077707614_zpid/,2009,"131,116 Acres", Mountain(s),{}, Cabin, Yes, 0
0,"$729,000", 3,3 ba,"3,705 sqft",https://www.zillow.com/homedetails/288-Weybridge-St-Middlebury-VT-05753/75410709_zpid/,1981,"29,185 Acres", Water, Yes, Contemporary, No, 1
0,"$549,000", 4,3 ba,"3,636 sqft",https://www.zillow.com/homedetails/3676-State-Park-Rd-Enosburg-Falls-VT-05450/75436431_zpid/,2000,"178,596 Acres", Mountain(s), Yes, Colonial, No, 2
0,"$134,500", 3,1 ba,"1,068 sqft",https://www.zillow.com/homedetails/11-Jasmin-Ln-Rutland-VT-05701/92022505_zpid/,1930,"15,682 Acres",{},{}, Ranch, No, 1
0,"$2,350,000", 3,4 ba,"3,257 sqft",https://www.zillow.com/homedetails/237-Maple-St-Stowe-VT-05672/75440739_zpid/,1820,"28,750 Acres",{},{}," Antique,Cape", No, 1
0,"$135,000", 3,1 ba,"1,824 sqft",https://www.zillow.com/homedetails/2284-Sims-Hill-Rd-Canaan-VT-05903/303826032_zpid/,1962,"13,068 Acres", Mountain(s),{}, A Frame, No, 1
0,"$235,000", 3,1 ba,"1,512 sqft",https://www.zillow.com/homedetails/583-Dunn-Mountain-Rd-Sheffield-VT-05866/2076571234_zpid/,1977,"897,336 Acres",{},{}, Log Cabin, No, 2
0,"$549,000", 5,5 ba,"3,536 sqft",https://www.zillow.com/homedetails/544-Cahoon-Farm-Rd-West-Danville-VT-05873/299240929_zpid/,1992,"930,442 Acres", Mountain(s),{}," Multi Level,Split Level", No, 3
0,"$245,000", 4,2 ba,"2,840 sqft",https://www.zillow.com/homedetails/4361-Bruce-Badger-Memorial-Danville-VT-05828/75428459_zpid/,1810,"51,401 Acres",{}, Yes, Colonial, No, 2
0,"$235,000", 4,2 ba,"1,800 sqft",https://www.zillow.com/homedetails/167-Berlin-St-Montpelier-VT-05602/2138764794_zpid/,1906,"3,920 Acres",{},{}, Other, No, 2
0,"$349,000", 2,1 ba,"1,228 sqft",https://www.zillow.com/homedetails/4735-Route-14-Sharon-VT-05065/2077412774_zpid/,1955,"43,560 Acres",{}, Yes, Bungalow, No, 0
0,"$219,000", 4,2 ba,"1,449 sqft",https://www.zillow.com/homedetails/11-River-St-Winooski-VT-05404/220878501_zpid/,1900,"3,049 Acres",{},{}, Multi Level, No, 0
0,"$570,000", 3,2 ba,"1,900 sqft",https://www.zillow.com/homedetails/11-Beebe-Hill-Rd-Pittsford-VT-05737/299445237_zpid/,2019,"151,589 Acres",{},{}, Contemporary, No, 0
0,"$55,000", 3,1 ba,980 sqft,https://www.zillow.com/homedetails/272-Stannard-Mountain-Rd-Greensboro-Bend-VT-05842/2077863028_zpid/,1993,"59,677 Acres", Water, Yes,{}, No, 0
0,"$1,299,000", 5,2 ba,"2,400 sqft",https://www.zillow.com/homedetails/1532-Morse-Hill-Road-Rd-Dorset-VT-05251/2090583109_zpid/,1900,"2,526,480 Acres",{},{}, Cape, No, 0
0,"$437,400", 3,3 ba,"2,016 sqft",https://www.zillow.com/homedetails/242-Pine-Ln-Salisbury-VT-05769/75412760_zpid/,2001,"23,958 Acres",{}, Yes, Colonial, No, 2
0,"$299,500", 4,4 ba,"2,710 sqft",https://www.zillow.com/homedetails/12-Edgewood-Ave-Barre-VT-05641/75463145_zpid/,1956,"20,038 Acres",{},{}, Ranch, No, 2
0,"$389,000", 5,4 ba,"3,696 sqft",https://www.zillow.com/homedetails/71-Lower-Birch-Cir-West-Townshend-VT-05359/304083460_zpid/,2004,$600/yr,{},{}, Colonial, No, 2
0,"$389,000", 5,4 ba,"3,696 sqft",https://www.zillow.com/homedetails/71-Lower-Birch-Cir-West-Townshend-VT-05359/304083460_zpid/,2004,$600/yr,{},{}, Colonial, No, 2
0,"$149,000", 3,2 ba,"1,400 sqft",https://www.zillow.com/homedetails/74-Pond-Loop-Wilmington-VT-05363/235266453_zpid/,1965,$102/mo, Mountain(s),{}, Split Level, No, 0
0,"$239,900", 5,3 ba,"3,694 sqft",https://www.zillow.com/homedetails/202-Highland-Ave-North-Troy-VT-05859/75450682_zpid/,1965,"108,900 Acres", Mountain(s),{}, Split Level, No, 2
0,"$595,000", 5,5 ba,"3,984 sqft",https://www.zillow.com/homedetails/382-Dover-Rd-South-Newfane-VT-05351/2146523655_zpid/,1904,"87,120 Acres"," Mountain(s), Water", Yes, Colonial, No, 0
0,"$89,000", 4,2 ba,"1,440 sqft",https://www.zillow.com/homedetails/257-Fairview-Ave-Wilmington-VT-05363/75478712_zpid/,1950,"31,799 Acres",{},{}," Cabin,Cottage/Camp", No, 0
0,"$167,000", 4,2 ba,"1,564 sqft",https://www.zillow.com/homedetails/146-Dewey-St-Bennington-VT-05201/91994382_zpid/,1900,"9,583 Acres",{},{}, Cape, No, 0
0,"$119,900", 4,2 ba,"2,580 sqft",https://www.zillow.com/homedetails/294-Caswell-Ave-Derby-Line-VT-05830/299473345_zpid/,1927,"9,148 Acres",{},{},{}, No, 3
0,"$100,000", 3,1 ba,866 sqft,https://www.zillow.com/homedetails/265-E-Main-St-North-Troy-VT-05859/2137944246_zpid/,1940,"6,970 Acres",{},{}, Multi Level, No, 0
0,"$189,000", 3,2 ba,"2,152 sqft",https://www.zillow.com/homedetails/17-Route-12-Windsor-VT-05048/248670630_zpid/,1850,"32,670 Acres",{},{}, Cape, No, 1
0,"$189,000", 4,2 ba,"1,272 sqft",https://www.zillow.com/homedetails/38-Church-St-West-Burke-VT-05871/2079047093_zpid/,1900,"21,780 Acres",{}, Yes, Cape, No, 2
0,"$469,500", 5,3 ba,"3,795 sqft",https://www.zillow.com/homedetails/148-Otter-Creek-Hwy-New-Haven-VT-05472/81622632_zpid/,1869,"365,904 Acres",{},{}, Victorian, No, 2
0,"$549,000", 6,2 ba,"2,732 sqft",https://www.zillow.com/homedetails/65-95-Sir-Issac-Newton-Rd-Newfane-VT-05345/2078359778_zpid/,1815,"10,378,606 Acres",{},{}," Cottage/Camp,Farmhouse", No, 2
0,"$329,000", 4,1 ba,"1,984 sqft",https://www.zillow.com/homedetails/390-Route-25-West-Topsham-VT-05086/2077601176_zpid/,1855,"5,505,984 Acres",{}, Yes, Farmhouse, No, 3
0,"$475,000", 5,3 ba,"2,648 sqft",https://www.zillow.com/homedetails/65-Todd-Hill-Rd-Bondville-VT-05340/2078729748_zpid/,1983,"52,272 Acres",{},{}, Contemporary, No, 1
0,"$249,000", 3,2 ba,"1,154 sqft",https://www.zillow.com/homedetails/19-Harrington-Rd-Windham-VT-05359/2096820734_zpid/,1963,"30,492 Acres",{},{}, Cape, No, 1
0,"$345,000", 3,2 ba,"1,816 sqft",https://www.zillow.com/homedetails/5877-State-Route-114-Canaan-VT-05903/2076569062_zpid/,1999,"2,160,576 Acres"," Mountain(s), Water", Yes, Chalet, No, 2
0,"$429,000", 4,2 ba,"2,464 sqft",https://www.zillow.com/homedetails/6871-State-Route-12-Bethel-VT-05032/2077338635_zpid/,1961,"130,680 Acres",{},{}, New Englander, No, 2
0,"$825,000", 5,4 ba,"4,200 sqft",https://www.zillow.com/homedetails/103-High-Meadow-Rd-Bondville-VT-05340/2076642520_zpid/,1987,"43,560 Acres",{},{}, Contemporary, No, 2
0,"$1,500,000", 4,4 ba,"4,966 sqft",https://www.zillow.com/homedetails/1553-Perry-Hill-Rd-Waterbury-VT-05676/75471194_zpid/,1990,"1,694,484 Acres", Mountain(s), Yes, Contemporary, No, 5
0,"$299,900", 4,2 ba,"2,152 sqft",https://www.zillow.com/homedetails/53-Austin-Hill-Rd-Bennington-VT-05201/75418812_zpid/,1963,"81,022 Acres",{},{}, Ranch, No, 1
0,"$825,000", 3,2 ba,"1,744 sqft",https://www.zillow.com/homedetails/165-Summer-Point-Ln-Vergennes-VT-05491/115793486_zpid/,1975,"95,832 Acres", Mountain(s), Yes, A Frame, No, 0
0,"$469,000", 3,4 ba,"4,611 sqft",https://www.zillow.com/homedetails/879-Gray-Rd-East-Montpelier-VT-05667/92034974_zpid/,2004,"353,707 Acres",{}, Yes, Colonial, No, 2
0,"$574,900", 2,2 ba,"2,008 sqft",https://www.zillow.com/homedetails/133-Midland-Ave-103-South-Burlington-VT-05403/2076632186_zpid/,No Data,$248/mo,{},{}, Garden, Yes, 2
0,"$925,000", 4,7 ba,"3,526 sqft",https://www.zillow.com/homedetails/2435-Stage-Rd-Guilford-VT-05301/115810484_zpid/,1830,"40,511 Acres",{}, Yes," Colonial,Farmhouse", No, 0
0,"$245,000", 3,1 ba,880 sqft,https://www.zillow.com/homedetails/153-Sunny-Ln-Woodbury-VT-05681/2078337155_zpid/,1984,"7,405 Acres",{}, Yes, Cabin, No, 0
0,"$215,000", 3,3 ba,"1,792 sqft",https://www.zillow.com/homedetails/3412-W-Sandgate-Rd-Sandgate-VT-05250/75423602_zpid/,1994,"317,988 Acres", Mountain(s), Yes,{}, No, 3
0,"$2,700,000", 5,7 ba,"8,169 sqft",https://www.zillow.com/homedetails/636-Fowler-Brook-Rd-Mount-Holly-VT-05758/75453867_zpid/,2000,"9,451,649 Acres", Mountain(s), Yes," Colonial,Contemporary", No, 3
0,"$1,400,000", 4,4 ba,"5,024 sqft",https://www.zillow.com/homedetails/215-Old-Wood-Rd-Rutland-VT-05701/75456349_zpid/,1996,"2,191,068 Acres", Mountain(s), Yes, Craftsman, No, 2
0,"$495,000", 4,2 ba,"3,157 sqft",https://www.zillow.com/homedetails/18-Valley-View-Rd-Arlington-VT-05250/75424873_zpid/,1961,"84,942 Acres", Mountain(s),{}, Farmhouse, No, 0
0,"$149,500", 3,2 ba,"3,493 sqft",https://www.zillow.com/homedetails/329-Powder-Spring-Rd-Groton-VT-05046/115795614_zpid/,1880,"28,750 Acres",{},{}, Farmhouse, No, 1
0,"$390,000", 5,4 ba,"2,500 sqft",https://www.zillow.com/homedetails/650-Birch-Hill-Rd-West-Townshend-VT-05359/304083462_zpid/,1996,"43,560 Acres",{},{}, Contemporary, Yes, 2
0,"$400,000", 2,2 ba,"1,602 sqft",https://www.zillow.com/homedetails/85-Ennis-Rd-Marshfield-VT-05658/115790661_zpid/,1992,"4,138,200 Acres", Mountain(s), Yes," Adirondack,Bungalow,Cabin,Cape,Carriage,Multi Level", No, 2
0,"$399,000", 2,1 ba,640 sqft,https://www.zillow.com/homedetails/607-Cedar-Vale-Ln-North-Hero-VT-05474/2076938853_zpid/,1961,"16,117 Acres", Water, Yes, Cottage/Camp, No, 0
0,"$250,000", 3,2 ba,"1,532 sqft",https://www.zillow.com/homedetails/541-Highland-Ave-Newport-VT-05855/75448924_zpid/,1930,"69,696 Acres", Mountain(s), Yes, Cape, No, 3
0,"$149,000", 3,1 ba,"1,550 sqft",https://www.zillow.com/homedetails/2263-106th-Rte-Perkinsville-VT-05151/2076747105_zpid/,1800,"10,890 Acres", Mountain(s), Yes, Cape, No, 0
0,"$74,900", 3,1 ba,"1,754 sqft",https://www.zillow.com/homedetails/59-Eastern-Ave-Richford-VT-05476/81612243_zpid/,1800,"7,841 Acres", Mountain(s),{}, Farmhouse, No, 1
0,"$40,000", 3,1 ba,"1,072 sqft",https://www.zillow.com/homedetails/289-Eagle-Ledge-Rd-Worcester-VT-05682/75472201_zpid/,1950,"76,230 Acres",{},{}, Multi Level, No, 0
0,"$195,000", 3,2 ba,"1,900 sqft",https://www.zillow.com/homedetails/13-Toad-Pond-Rd-Morgan-VT-05853/299441426_zpid/,1934,"21,780 Acres", Water, Yes, Farmhouse, No, 2
0,"$349,000", 4,3 ba,"2,288 sqft",https://www.zillow.com/homedetails/256-Valley-View-Rd-East-Dover-VT-05356/235252242_zpid/,1990,"43,560 Acres",{},{}, Chalet, No, 0
0,"$499,500", 5,3 ba,"2,500 sqft",https://www.zillow.com/homedetails/1860-Cross-Rd-Newport-Center-VT-05857/75449292_zpid/,1890,"6,708,240 Acres", Mountain(s), Yes, Farmhouse, No, 0
0,"$629,000", 4,7 ba,"5,148 sqft",https://www.zillow.com/homedetails/10-Tollgate-Rd-Bondville-VT-05340/2076477068_zpid/,1920,"174,240 Acres",{}, Yes, Other, No, 0
0,"$350,000", 3,1 ba,"1,050 sqft",https://www.zillow.com/homedetails/1492-Alburgh-Springs-Rd-Alburgh-VT-05440/303851120_zpid/,1890,"87,556 Acres"," Mountain(s), Water", Yes, Farmhouse, No, 0
0,"$532,000", 2,1 ba,"1,372 sqft",https://www.zillow.com/homedetails/570-Lapan-Rd-Saint-Albans-Bay-VT-05481/2078127987_zpid/,1940,"48,352 Acres", Water, Yes, Cottage/Camp, No, 0
0,"$324,900", 4,1 ba,"1,632 sqft",https://www.zillow.com/homedetails/616-Old-River-Rd-White-River-Junction-VT-05001/94975202_zpid/,1781,"392,040 Acres",{},{}, Other, No, 7
0,"$349,000", 4,2 ba,"1,950 sqft",https://www.zillow.com/homedetails/7026-State-Route-111-Morgan-VT-05853/299441394_zpid/,1972,"339,768 Acres",{}, Yes, Chalet, No, 2
0,"$785,000", 4,3 ba,"3,686 sqft",https://www.zillow.com/homedetails/6-Upper-French-Hollow-Rd-Bondville-VT-05340/2079364182_zpid/,1980,"706,543 Acres"," Mountain(s), Water", Yes," Contemporary,Farmhouse", No, 4
0,"$575,000", 5,5 ba,"4,254 sqft",https://www.zillow.com/homedetails/179-Rotax-Rd-North-Ferrisburgh-VT-05473/91991787_zpid/,1980,"171,626 Acres",{},{},{}, No, 2
0,"$749,000", 3,3 ba,"2,015 sqft",https://www.zillow.com/homedetails/204-Gregory-Dr-Newport-Center-VT-05857/92014447_zpid/,2001,"56,628 Acres"," Mountain(s), Water", Yes, Colonial, No, 2
0,"$999,000", 5,4 ba,"4,259 sqft",https://www.zillow.com/homedetails/42-Penny-Ave-Stratton-VT-05360/235261986_zpid/,2006,"126,324 Acres", Mountain(s),{}," Colonial,Farmhouse", No, 3
0,"$225,000", 3,2 ba,"3,186 sqft",https://www.zillow.com/homedetails/7279-State-Highway-14-Irasburg-VT-05845/2078704255_zpid/,1990,"43,560 Acres",{},{}, Log Cabin, No, 3
0,"$2,199,000", 4,3 ba,"3,100 sqft",https://www.zillow.com/homedetails/545-Starbuck-Rd-Woodstock-VT-05091/303990601_zpid/,1800,"6,207,736 Acres", Water, Yes," Cape,Farmhouse", No, 6
0,"$229,000", 3,2 ba,"2,375 sqft",https://www.zillow.com/homedetails/122-On-the-green-St-Poultney-VT-05764/2089308360_zpid/,1890,"200,376 Acres",{},{}, Colonial, No, 0
0,"$99,900", 1,-- ba,336 sqft,https://www.zillow.com/homedetails/488-Kennedy-Rd-Granville-VT-05747/2084909067_zpid/,1950,"749,232 Acres",{},{}, Cabin, No, 6
0,"$1,200,000", 5,5 ba,"4,570 sqft",https://www.zillow.com/homedetails/373-Myers-Rd-Shaftsbury-VT-05262/299464319_zpid/,1940,"7,075,015 Acres", Mountain(s),{}, Colonial, No, 3
0,"$199,000", 3,2 ba,"2,561 sqft",https://www.zillow.com/homedetails/1531-River-Rd-Lunenburg-VT-05906/193818145_zpid/,1835,"56,628 Acres", Water, Yes, New Englander, No, 3
0,"$162,500", 3,1 ba,"1,597 sqft",https://www.zillow.com/homedetails/195-Spruce-St-Newport-VT-05855/227720862_zpid/,1948,"6,970 Acres",{}, Yes, Cape, No, 1
0,"$250,000", 4,2 ba,"1,936 sqft",https://www.zillow.com/homedetails/113-Imperial-Ave-Bennington-VT-05201/75421034_zpid/,1928,"5,663 Acres",{},{}," Bungalow,Arts and Crafts", No, 0
0,"$149,900", 5,2 ba,"1,200 sqft",https://www.zillow.com/homedetails/549-Us-Route-5n-Hwy-Barnet-VT-05821/2078333528_zpid/,1804,"60,548 Acres",{},{}, Colonial, No, 1
0,"$425,000", 3,3 ba,"3,144 sqft",https://www.zillow.com/homedetails/2139-Bronson-Rd-Saint-Albans-Bay-VT-05478/75432123_zpid/,2002,"100,188 Acres",{},{}, Chalet, No, 5
0,"$249,000", 4,3 ba,"3,364 sqft",https://www.zillow.com/homedetails/21-Main-St-Saxtons-River-VT-05154/92037719_zpid/,1830,"12,197 Acres",{},{}, Colonial, No, 2
0,"$789,000", 5,8 ba,"4,802 sqft",https://www.zillow.com/homedetails/1563-Darling-Hill-Rd-Lyndonville-VT-05851/81600359_zpid/,1838,"444,312 Acres",{},{}," Cape,Farmhouse", No, 21
0,"$68,900", 2,1 ba,864 sqft,https://www.zillow.com/homedetails/1584-Willoughby-Ave-Barton-VT-05860/115802092_zpid/,1963,"95,832 Acres",{},{}, Bungalow, No, 0
0,"$1,100,000", 6,5 ba,"4,571 sqft",https://www.zillow.com/homedetails/505-Deweys-Mills-Rd-White-River-Junction-VT-05001/303988031_zpid/,1876,$225/yr, Water, Yes, Colonial, No, 2
0,"$87,500", 3,1 ba,"1,270 sqft",https://www.zillow.com/homedetails/157-King-St-Northfield-VT-05663/75469172_zpid/,1800,"21,780 Acres",{},{}, Cape, No, 0
0,"$234,000", 4,2 ba,"2,832 sqft",https://www.zillow.com/homedetails/35-1st-St-Swanton-VT-05488/75434719_zpid/,1870,"10,890 Acres",{},{}," Colonial,Historic Vintage", No, 0
0,"$405,000", 3,3 ba,"3,508 sqft",https://www.zillow.com/homedetails/36-Paulines-Way-Colchester-VT-05446/220850121_zpid/,1967,"39,640 Acres",{},{}, Colonial, No, 0
0,"$225,000", 3,2 ba,"3,002 sqft",https://www.zillow.com/homedetails/16-Estabrook-Rd-Killington-VT-05751/220900851_zpid/,0,"265,716 Acres",{},{}, Farmhouse, No, 1
0,"$379,000", 3,2 ba,"1,888 sqft",https://www.zillow.com/homedetails/1877-State-Highway-105-Newport-Center-VT-05857/2079736239_zpid/,1910,"6,446,880 Acres", Mountain(s),{}, Farmhouse, No, 2
0,"$199,000", 8,3 ba,"3,319 sqft",https://www.zillow.com/homedetails/5392-Route-100-Plymouth-VT-05056/299573872_zpid/,1900,"21,780 Acres",{},{}," Antique,Farmhouse", No, 0
0,"$279,500", 3,3 ba,"2,396 sqft",https://www.zillow.com/homedetails/1028-Pine-Hill-Rd-Derby-VT-05829/2077619183_zpid/,1990,"599,821 Acres"," Mountain(s), Water", Yes, Ranch, No, 4
0,"$5,250,000", 5,7 ba,"5,909 sqft",https://www.zillow.com/homedetails/353-Big-Spruce-Rd-Stowe-VT-05672/303817770_zpid/,2006,"14,810 Acres", Mountain(s),{}, Craftsman, No, 2
0,"$1,785,000", 2,6 ba,"5,691 sqft",https://www.zillow.com/homedetails/477-Thistle-Hill-Rd-North-Pomfret-VT-05053/2105605408_zpid/,1938,"1,692,306 Acres",{}, Yes," Farmhouse,Modern Architecture", No, 2
0,"$330,000", 5,3 ba,"2,784 sqft",https://www.zillow.com/homedetails/70-Meigs-Rd-Vergennes-VT-05491/224234650_zpid/,1970,"21,780 Acres",{},{}, Ranch, No, 1
0,"$90,000", 3,1 ba,"1,680 sqft",https://www.zillow.com/homedetails/91-Carpenter-Ln-Alburgh-VT-05440/92003281_zpid/,1920,"13,068 Acres",{},{}, Farmhouse, No, 0
0,"$139,000", 2,1 ba,896 sqft,https://www.zillow.com/homedetails/105-Oakes-St-Bennington-VT-05201/75420440_zpid/,1920,"5,663 Acres",{},{}, New Englander, No, 0
0,"$1,135,000", 4,2 ba,"3,540 sqft",https://www.zillow.com/homedetails/21-Burbank-Crossover-Rd-Chelsea-VT-05038/2078993259_zpid/,1827,"14,157,000 Acres", Mountain(s), Yes," Cape,Farmhouse", No, 2
0,"$399,000", 3,2 ba,"2,630 sqft",https://www.zillow.com/homedetails/1104-W-Woodstock-Rd-Woodstock-VT-05091/75488715_zpid/,1895,"16,988 Acres",{},{}, New Englander, No, 2
0,"$889,000", 3,2 ba,"1,248 sqft",https://www.zillow.com/homedetails/52-Fishing-Access-Rd-Ludlow-VT-05149/75480897_zpid/,1955,"48,352 Acres",{}, Yes, Contemporary, No, 1
0,"$439,000", 5,4 ba,"2,800 sqft",https://www.zillow.com/homedetails/8-Pheasant-Ln-West-Dover-VT-05356/235253345_zpid/,1989,$100/mo, Mountain(s),{},{}, No, 0
0,"$544,000", 4,3 ba,"2,043 sqft",https://www.zillow.com/homedetails/121-Bradford-Ter-LOT-7A-Richmond-VT-05477/2102703890_zpid/,No Data,"81,457 Acres",{},{}, Colonial, Yes, 2
0,"$4,065,000", 4,6 ba,"6,236 sqft",https://www.zillow.com/homedetails/625-Sentinel-Cedar-Ln-Charlotte-VT-05445/220845580_zpid/,2009,"919,552 Acres"," Mountain(s), Water", Yes, Contemporary, No, 3
0,"$57,000", 0,-- ba,400 sqft,https://www.zillow.com/homedetails/258-Ponemah-Path-West-Burke-VT-05871/2088273417_zpid/,2000,"43,560 Acres",{},{}, Cabin, No, 0
0,"$280,000", 3,4 ba,"2,160 sqft",https://www.zillow.com/homedetails/73-Grove-St-Brattleboro-VT-05301/2076849481_zpid/,1875,"5,227 Acres",{},{}, Historic Vintage, No, 0
0,"$296,000", 3,2 ba,"1,290 sqft",https://www.zillow.com/homedetails/200-Beckley-Hill-Rd-34-Barre-VT-05641/2078092926_zpid/,2020,"7,841 Acres",{},{}, Ranch, No, 2
0,"$179,900", 4,2 ba,"1,766 sqft",https://www.zillow.com/homedetails/396-School-St-West-Burke-VT-05871/2078933144_zpid/,1900,"21,780 Acres",{},{}, Historic Vintage, No, 4
0,"$375,000", 3,2 ba,"1,960 sqft",https://www.zillow.com/homedetails/250-Horseshoe-Rd-Waitsfield-VT-05673/220914102_zpid/,1978,"39,204 Acres",{},{}, Log Cabin, No, 0
0,"$369,000", 3,3 ba,"2,160 sqft",https://www.zillow.com/homedetails/149-N-Main-St-Danby-VT-05739/220887503_zpid/,1900,"32,670 Acres",{},{}, Cape, No, 1
0,"$895,000", 5,3 ba,"2,544 sqft",https://www.zillow.com/homedetails/112-Tierney-Rd-Cavendish-VT-05142/2088465995_zpid/,1989,$200/yr, Mountain(s),{}," Chalet,Multi Level", No, 7
0,"$849,900", 4,2 ba,"2,990 sqft",https://www.zillow.com/homedetails/390-Benedict-Rd-Pownal-VT-05261/299444443_zpid/,2008,3 Acres, Mountain, Yes,{}, No, 0
0,"$99,900", 3,1 ba,"1,284 sqft",https://www.zillow.com/homedetails/221-S-Main-St-Richford-VT-05476/81611911_zpid/,1920,"32,670 Acres", Mountain(s),{}, Farmhouse, No, 0
0,"$1,695,000", 4,6 ba,"4,335 sqft",https://www.zillow.com/homedetails/3039-Route-30-St-Dorset-VT-05251/2078487362_zpid/,1998,"261,360 Acres",{},{}, Colonial, No, 3
0,"$369,000", 6,4 ba,"3,406 sqft",https://www.zillow.com/homedetails/2191-Arnold-District-Rd-Brandon-VT-05733/299445142_zpid/,1986,"149,846 Acres", Mountain(s),{}, Cape, No, 2
0,"$1,699,000", 4,7 ba,"4,906 sqft",https://www.zillow.com/homedetails/7-Laber-Rd-Bridgewater-Corners-VT-05035/2077109958_zpid/,2004,"1,302,444 Acres", Mountain(s), Yes, Arts and Crafts, No, 3
0,"$167,400", 3,1 ba,"1,608 sqft",https://www.zillow.com/homedetails/419-Cleveland-Ave-Shaftsbury-VT-05262/81746714_zpid/,1925,"9,148 Acres",{},{}, Arts and Crafts, No, 1
0,"$219,900", 3,2 ba,"2,304 sqft",https://www.zillow.com/homedetails/1386-King-Hill-Rd-Readsboro-VT-05350/81746237_zpid/,1989,"453,024 Acres",{},{}, Raised Ranch, No, 0
0,"$310,000", 0,5 ba,"6,365 sqft",https://www.zillow.com/homedetails/878-Root-Pond-Rd-Benson-VT-05743/220883159_zpid/,1960,"348,480 Acres", Mountain(s),{}, Cape, No, 4
0,"$169,900", 2,2 ba,"1,993 sqft",https://www.zillow.com/homedetails/1163-Hinman-Settler-Rd-Brownington-VT-05860/75451020_zpid/,1960,"31,363 Acres",{},{}, Contemporary, No, 1
0,"$165,000", 2,1 ba,623 sqft,https://www.zillow.com/homedetails/370-Pond-View-Rd-West-Danville-VT-05873/220910674_zpid/,1971,"203,861 Acres",{},{}, Ranch, No, 1
0,"$249,000", 3,2 ba,"1,280 sqft",https://www.zillow.com/homedetails/1378-Lincoln-Rd-Ripton-VT-05766/2078029225_zpid/,1975,"264,845 Acres",{},{}, Contemporary, No, 2
0,"$129,900", 2,1 ba,"1,084 sqft",https://www.zillow.com/homedetails/23-Boynton-Dr-North-Springfield-VT-05150/75483564_zpid/,1955,"7,405 Acres",{},{}, Ranch, No, 1
0,"$125,000", 3,3 ba,"1,638 sqft",https://www.zillow.com/homedetails/61-Carver-St-Brandon-VT-05733/92026813_zpid/,1880,"52,272 Acres",{},{}, Farmhouse, No, 0
0,"$129,900", 3,2 ba,"1,666 sqft",https://www.zillow.com/homedetails/51-Buck-Lake-Rd-Woodbury-VT-05681/118031177_zpid/,1995,"17,424 Acres",{},{},{}, No, 2
0,"$655,000", 4,2 ba,"3,456 sqft",https://www.zillow.com/homedetails/4654-Creek-Rd-North-Clarendon-VT-05759/2094791523_zpid/,1853,"6,708,240 Acres", Mountain(s), Yes, Colonial, No, 2
0,"$139,900", 2,1 ba,624 sqft,https://www.zillow.com/homedetails/536-Woodard-Hill-Rd-West-Halifax-VT-05358/92045725_zpid/,1967,"500,940 Acres",{},{},{}, No, 0
0,"$169,000", 3,3 ba,"2,766 sqft",https://www.zillow.com/homedetails/34-Church-Hill-Rd-Graniteville-VT-05654/2076877485_zpid/,1900,"30,492 Acres",{},{}, Multi Level, No, 0
0,"$175,000", 4,3 ba,"2,871 sqft",https://www.zillow.com/homedetails/5-2nd-St-Fair-Haven-VT-05743/220888298_zpid/,1910,"10,890 Acres",{},{}, Colonial, No, 2
0,"$325,000", 3,2 ba,"2,000 sqft",https://www.zillow.com/homedetails/42-Quarry-View-Rd-Williamstown-VT-05679/92012132_zpid/,1980,"152,460 Acres", Mountain(s),{}, Chalet, No, 2
0,"$39,000", 3,1 ba,"1,232 sqft",https://www.zillow.com/homedetails/35-Maple-St-Brandon-VT-05733/92026070_zpid/,1900,"7,405 Acres", Mountain(s),{}, Historic Vintage, No, 1
0,"$2,500,000", 4,4 ba,"5,985 sqft",https://www.zillow.com/homedetails/529-Kerwin-Hill-Rd-Norwich-VT-05055/118032008_zpid/,2007,"2,374,020 Acres", Mountain(s),{}," Colonial,Farmhouse,Federal", No, 2
0,"$329,000", 3,2 ba,"1,176 sqft",https://www.zillow.com/homedetails/324-Laraway-Mountain-Rd-2-Belvidere-Center-VT-05442/2076839379_zpid/,2020,"191,664 Acres", Mountain(s),{}, Ranch, Yes, 2
0,"$249,000", 1,1 ba,"1,092 sqft",https://www.zillow.com/homedetails/1980-Darling-Hill-Rd-Newport-VT-05855/303861228_zpid/,2012,"1,377,367 Acres",{}, Yes," Cottage/Camp,Log Cabin", No, 1
0,"$98,000", 3,1 ba,952 sqft,https://www.zillow.com/homedetails/128-Merrill-St-Springfield-VT-05156/75485183_zpid/,1941,"5,663 Acres",{},{}, Cape, No, 0
0,"$759,000", 7,7 ba,"4,580 sqft",https://www.zillow.com/homedetails/254-Bald-Hill-Pond-Rd-West-Burke-VT-05871/81600526_zpid/,2001,"718,740 Acres",{},{}, Log Cabin, No, 3
